,FILM
0,Avengers: Age of Ultron (2015)
1,Cinderella (2015)
2,Ant-Man (2015)
3,Do You Believe? (2015)
4,Hot Tub Time Machine 2 (2015)
5,The Water Diviner (2015)
6,Irrational Man (2015)
8,Shaun the Sheep Movie (2015)
9,Love & Mercy (2015)
10,Far From The Madding Crowd (2015)
11,Black Sea (2015)
15,Taken 3 (2015)
16,Ted 2 (2015)
17,Southpaw (2015)
19,Pixels (2015)
20,"McFarland, USA (2015)"
21,Insidious: Chapter 3 (2015)
22,The Man From U.N.C.L.E. (2015)
23,Run All Night (2015)
24,Trainwreck (2015)
26,Ex Machina (2015)
27,Still Alice (2015)
29,The End of the Tour (2015)
30,Red Army (2015)
31,When Marnie Was There (2015)
32,The Hunting Ground (2015)
33,The Boy Next Door (2015)
34,Aloha (2015)
35,The Loft (2015)
36,5 Flights Up (2015)
37,Welcome to Me (2015)
38,Saint Laurent (2015)
39,Maps to the Stars (2015)
40,I'll See You In My Dreams (2015)
41,Timbuktu (2015)
42,About Elly (2015)
43,The Diary of a Teenage Girl (2015)
44,Kingsman: The Secret Service (2015)
45,Tomorrowland (2015)
46,The Divergent Series: Insurgent (2015)
48,Fantastic Four (2015)
49,Terminator Genisys (2015)
50,Pitch Perfect 2 (2015)
51,Entourage (2015)
52,The Age of Adaline (2015)
53,Hot Pursuit (2015)
54,The DUFF (2015)
55,Black or White (2015)
56,Project Almanac (2015)
57,Ricki and the Flash (2015)
58,Seventh Son (2015)
59,Mortdecai (2015)
60,Unfinished Business (2015)
61,American Ultra (2015)
62,True Story (2015)
63,Child 44 (2015)
64,Dark Places (2015)
66,The Gift (2015)
67,Unfriended (2015)
68,Monkey Kingdom (2015)
70,Seymour: An Introduction (2015)
71,The Wrecking Crew (2015)
72,American Sniper (2015)
73,Furious 7 (2015)
75,San Andreas (2015)
76,Straight Outta Compton (2015)
77,Vacation (2015)
78,Chappie (2015)
79,Poltergeist (2015)
80,Paper Towns (2015)
82,Blackhat (2015)
83,Self/less (2015)
84,Sinister 2 (2015)
85,Little Boy (2015)
86,Me and Earl and The Dying Girl (2015)
87,Maggie (2015)
88,Mad Max: Fury Road (2015)
89,Spy (2015)
90,The SpongeBob Movie: Sponge Out of Water (2015)
91,Paddington (2015)
92,Dope (2015)
93,What We Do in the Shadows (2015)
94,The Overnight (2015)
95,The Salt of the Earth (2015)
97,Fifty Shades of Grey (2015)
98,Get Hard (2015)
99,Focus (2015)
100,Jupiter Ascending (2015)
101,The Gallows (2015)
102,The Second Best Exotic Marigold Hotel (2015)
103,Strange Magic (2015)
104,The Gunman (2015)
105,Hitman: Agent 47 (2015)
106,Cake (2015)
107,The Vatican Tapes (2015)
108,A Little Chaos (2015)
109,The 100-Year-Old Man Who Climbed Out the Window and Disappeared (2015)
110,Escobar: Paradise Lost (2015)
112,It Follows (2015)
115,While We're Young (2015)
116,Clouds of Sils Maria (2015)
117,Testament of Youth (2015)
118,Infinitely Polar Bear (2015)
119,Phoenix (2015)
120,The Wolfpack (2015)
121,The Stanford Prison Experiment (2015)
122,Tangerine (2015)
123,Magic Mike XXL (2015)
124,Home (2015)
125,The Wedding Ringer (2015)
126,Woman in Gold (2015)
127,The Last Five Years (2015)
128,Mission: Impossible â€“ Rogue Nation (2015)
129,Amy (2015)
130,Jurassic World (2015)
131,Minions (2015)
132,Max (2015)
133,Paul Blart: Mall Cop 2 (2015)
134,The Longest Ride (2015)
135,The Lazarus Effect (2015)
136,The Woman In Black 2 Angel of Death (2015)
137,Danny Collins (2015)
138,Spare Parts (2015)
139,Serena (2015)
140,Inside Out (2015)
141,Mr. Holmes (2015)
142,'71 (2015)
144,Gett: The Trial of Viviane Amsalem (2015)
145,"Kumiko, The Treasure Hunter (2015)"
